percentage of training data,mean_disp,mean_maxdisp
10,8320.191584572394,48075.28932095558
25,770531.1866337677,4543961.882546552
50,13.815752913064335,85.71364430314422
75,39.52291039925947,417.2606530434752
100,7447.255822790163,47435.38978654724
