percentage of training data,mean_disp,mean_maxdisp
10,52.74710863781544,45.26497023471296
25,35.943369842857145,33.1795851052175
50,39.392140677873115,38.60555765266257
75,41.91253172210876,41.91900626923079
100,49.86435679808136,49.387292477153174
