size of training data,mean_disp,mean_maxdisp
1,260477.7685207007,1554194.4004052987
5,358.26215913629085,2025.650548179025
10,4.479478561812482,12.384519220474472
15,561.8604050837391,796.7964079112375
20,66.36232312863982,75.13910135840065
