size of training data,mean_disp,mean_maxdisp
1,260373.68602746128,1554089.4925928141
5,262.3591189570714,1929.6710857390983
10,97.75600878469922,83.98501732321475
15,589.3242786383735,824.6805401999806
20,66.36232312863982,75.13910135840065
