percentage of training data,mean_disp,mean_maxdisp
10,8.45013754417771,7.85864425860502
25,2.9705228183187744,2.820961414145026
50,27.69176021651303,28.01049134009054
75,26.195591435628927,26.616880211557753
100,29.364379041998298,29.83036025101037
