percentage of training data,mean_disp,mean_maxdisp
10,1.574707539396544,1.2565584125469669
25,3.29000942314907,3.0944426075920513
50,21.570906560442875,22.09218611401034
75,26.418630448038506,26.832899429611338
100,28.45162594508063,28.99691159840635
