percentage of training data,mean_disp,mean_maxdisp
10,45911.93691401927,266133.0204565461
25,308.82963935803537,1034.0016239410686
50,68.29676451190775,364.103701067534
75,50.00718173965812,92.06382375542546
100,34.327644832952146,38.20000045593751
