percentage of training data,mean_disp,mean_maxdisp
10,56.567843047387996,70.7980676220631
25,28.377917624104448,50.399690804286045
50,54.45876801582091,77.78648523271015
75,45.978696731208,69.99357747395011
100,59.7084312601843,83.16402420833825
