percentage of training data,mean_disp,mean_maxdisp
10,53.85309574343038,71.20320731249126
25,34.989847968651745,57.46537475700713
50,45.56149390886712,69.42095003317236
75,40.12619136767012,64.20945600710536
100,51.39469530311836,75.38542127988865
