percentage of training data,mean_disp,mean_maxdisp
10,61.88699501326996,55.95197390974422
25,35.46762495415341,33.76492163416334
50,41.55218053196479,41.09490769833756
75,48.85639435181694,48.37403190681287
100,56.524509865049346,56.01543687198009
