percentage of training data,mean_disp,mean_maxdisp
10,8821.451488843171,26370.44790279104
25,23.152170279474582,31.979503305789784
50,49.632629262180366,70.1939315920932
75,42.362498427444976,60.78914458213192
100,53.719035918732416,75.14880664348743
