percentage of training data,mean_disp,mean_maxdisp
10,939196245.9412053,5570877272.25934
25,247.3478910691039,1130.7237753857073
50,80.03512231914348,436.41343281364715
75,14.43071145107686,45.88355537291169
100,75.91537880636379,564.4526905440648
