size of training data,mean_disp,mean_maxdisp
1,509.4231574774557,2952.8116211059705
5,366.44161219651295,2034.5788982231334
10,25.37417647682293,101.40677740163517
15,693.406771877815,929.5883526840155
20,170.44481636808138,180.04691384243557
