size of training data,mean_disp,mean_maxdisp
1,260477.7685207007,1554194.4004052987
5,366.44161219651295,2034.5788982231334
10,6.326484454742374,20.92279516082016
15,693.406771877815,929.5883526840155
20,170.44481636808138,180.04691384243557
